CLIENTNUM,Attrition_Flag
788544108,0.0
719356008,0.01
712142733,0.08
789394833,0.02
742778358,0.0
720963258,1.0
720270633,0.75
805453908,0.0
772148058,0.54
711298458,0.94
778224858,0.0
714900408,0.28
712104333,0.0
716357058,0.29
715571583,0.0
709175208,0.0
712597233,0.67
713539833,0.1
713761608,0.04
803366358,0.01
712452033,0.27
717556758,0.0
709415583,0.02
709668408,0.25
714145233,0.87
709074108,0.01
788776908,0.0
819610908,0.65
720810783,0.77
712089108,0.04
778724058,0.03
713569158,0.74
824667708,0.02
807349158,0.0
714923583,0.8
787578183,0.0
780074733,0.01
715844733,0.06
813901458,0.02
805254708,0.04
710505483,0.02
713466033,0.91
718982058,0.0
771086208,0.1
713965683,0.03
779916408,0.08
789173958,0.0
714320358,0.11
714726858,0.37
721409358,0.0
717355533,0.0
716736858,0.0
720807183,0.0
710475408,0.03
709934808,0.0
718821783,0.0
712582983,0.26
779164608,0.0
713655108,0.03
718957083,0.0
709865883,0.63
715052583,0.0
715655283,0.0
711019308,0.0
821149008,0.32
712052058,0.01
778268508,0.0
718861458,0.04
758211483,0.05
711136008,0.0
717094758,0.0
721220583,0.0
743800833,0.01
714315858,0.19
713370033,0.49
713993208,0.0
712117983,0.02
720725058,0.74
718663983,0.01
784795083,0.14
758583708,0.52
711382458,0.97
710192283,0.0
716548083,0.04
709045683,0.04
719517258,0.0
709000008,0.19
718056033,0.07
717181833,0.0
748827033,0.06
717480783,0.0
708286683,0.0
771403008,0.02
713537733,0.01
720916683,0.01
710500983,0.65
795599883,0.92
715418508,0.03
779480658,0.03
712200033,0.08
771799008,0.0
718863258,0.98
779528658,0.28
710808108,0.39
714770808,0.33
720470133,0.0
797666358,0.01
715499058,0.89
712655583,0.19
778755858,0.16
715105908,0.02
715698633,0.13
717334233,0.09
711010683,0.0
708288108,0.76
788797983,0.01
719978583,0.0
720902133,0.25
708824958,0.06
712732908,0.01
792272658,0.01
712737108,0.02
708615183,0.0
714487458,0.92
709857033,0.0
817616433,0.0
809559933,0.87
717701733,0.01
779342958,0.03
719073483,0.96
718121658,0.87
717076458,0.02
715354983,0.0
715670058,0.01
785410158,0.02
720848733,0.12
721511883,0.01
771215583,0.04
715123983,0.08
779956608,0.16
801989733,0.01
708241233,0.77
716974383,0.1
709210833,0.01
711392508,0.02
809818008,0.14
779149683,0.01
713879283,0.01
717195933,1.0
718220358,0.82
708522033,0.0
711822933,0.0
813182658,0.0
789430083,0.0
714523383,0.03
711830433,0.0
779170008,0.03
717846108,0.0
717534108,0.0
710710233,0.18
789304983,0.01
719621958,0.96
715294083,0.84
719365233,0.0
710438358,0.96
719036883,0.12
716596308,0.12
720000708,0.1
716303583,0.0
721181883,0.08
713301633,0.0
712544358,0.02
717410508,0.0
827114058,0.0
709476033,0.0
711342483,0.05
710306358,0.52
714757083,0.48
786546783,0.04
714304458,0.4
719756133,0.59
713089458,0.0
713079108,0.0
797232183,0.0
767695083,0.5
712828533,0.0
716099958,0.66
709112508,0.82
713382558,0.0
712973733,0.22
716977758,0.48
714012258,0.0
708989358,0.0
714031983,0.01
778152108,0.0
716204883,0.01
711309033,0.0
715708308,0.01
826783233,0.0
764211033,0.01
708878508,0.0
720529308,0.3
715779333,0.01
820346133,0.04
713108433,0.06
709807383,0.02
717414933,0.02
712428333,0.0
710773533,0.0
716138958,0.04
779536233,0.03
721250358,0.04
799000008,0.02
779530908,0.32
708931908,0.25
712788258,0.01
711927108,0.81
714571008,0.02
716873733,0.57
772323033,0.0
718110858,0.96
716396358,0.0
719720058,0.02
717800358,0.01
719459358,0.06
719219883,0.0
708340758,0.98
718980633,0.0
709518858,0.0
711916533,0.0
712901283,0.67
714169083,0.0
715607958,0.01
808675083,0.02
779447358,0.0
815727183,0.0
715746633,0.02
785038908,0.0
713972658,0.11
714700158,0.05
715749108,0.05
710428308,0.15
806995683,0.24
720597108,0.46
712609533,0.03
780307233,0.03
773177358,0.04
720135333,0.09
716721483,0.61
716726058,0.0
717134058,0.0
789218433,0.0
713010483,0.06
709887483,0.0
708722583,0.01
768364233,0.01
715797783,0.0
721254858,0.0
712747758,0.98
708355683,0.08
713916708,0.01
787921383,0.67
788792583,0.0
718934058,0.58
813967983,0.0
712751133,0.35
714973758,0.26
718252533,0.31
717017808,0.0
719911458,0.0
715502808,0.01
720242733,0.0
802668333,0.7
709530408,0.0
828291858,0.45
780382008,0.02
716728233,0.01
772364358,0.0
708451233,0.02
819409608,0.65
779765058,0.0
712965183,0.01
715341858,0.02
713945883,0.8
720700008,0.0
789880533,0.44
717856983,0.01
711989358,0.0
713792583,0.0
720809358,0.0
720289533,0.0
716319258,0.01
720854358,0.21
772735758,0.05
719859033,0.77
714842208,0.0
713009208,0.0
789314133,0.06
714906033,0.06
822112383,0.0
716207508,0.28
714418158,0.03
709537683,0.8
717382608,0.05
713149683,0.02
708152358,0.61
719455083,0.0
716482533,0.01
717890583,0.0
719234883,0.02
788990508,0.04
709623483,0.01
778340733,0.01
709957158,0.02
718370733,0.01
721351983,0.81
718828083,0.03
772069683,0.0
804833058,0.88
709451508,0.21
713685033,0.91
709381383,0.02
709688883,0.97
773236983,0.1
801048483,0.1
720756708,0.0
780633483,0.0
712204308,0.07
719913783,0.0
799031958,0.01
715361433,0.0
718894233,0.03
719400108,0.02
717631008,0.24
787529583,0.56
716183283,0.02
712505658,0.02
766769058,0.0
779241783,0.03
746453583,0.0
709296558,0.11
791822733,0.0
717541308,0.0
772437633,0.0
719148633,0.09
828227433,0.08
811965558,0.32
713119308,0.0
796145133,0.0
711149133,0.51
803408733,0.05
716567433,0.0
715057383,0.0
712551258,0.92
709587783,0.26
779016408,0.07
714064908,0.0
716129208,0.21
715824108,0.03
716716083,0.0
708248358,0.06
818316108,0.1
719953383,0.04
713240133,0.05
717050883,0.0
716733933,0.03
820353558,0.01
718383183,0.0
802013583,0.02
718083483,0.08
717174558,0.41
708669408,0.04
755593983,0.02
709382958,0.01
718046433,0.06
709019283,0.0
718076733,0.01
771682533,0.0
718697583,0.0
721530633,0.0
709597983,0.01
714729933,0.0
716636808,0.12
721106133,0.0
711164508,0.06
720264783,0.01
718837683,0.6
708664008,0.57
770205708,0.06
716968683,0.03
788811558,0.28
808891983,0.03
720462633,0.35
816826008,0.0
711743883,0.37
718032483,0.0
721112508,0.02
780055308,0.25
788132208,0.0
771529608,0.03
720370533,0.88
710136258,0.85
708797583,0.87
772669833,0.01
806619333,0.0
716244033,0.68
711225933,0.08
716522583,0.18
721129383,0.42
715182108,0.0
789121233,0.01
715416633,0.05
711398433,0.0
774437583,0.18
709082808,0.0
715362183,0.28
714212358,0.44
771674958,0.0
713901108,0.03
710197308,0.0
808897683,0.44
713144208,0.91
709452633,0.09
772390908,0.84
780146658,0.42
788838033,0.72
757881258,0.03
806415183,0.01
779046408,0.03
779783508,0.13
799700208,0.0
709612983,0.58
787643658,0.02
712643358,0.01
716442333,0.0
710903358,0.0
717755058,0.0
818929158,0.57
780251658,0.02
763681908,0.08
806917983,0.02
711740508,0.0
823615983,0.54
720452508,0.0
711607833,0.0
778956033,0.02
719873808,0.15
713246208,0.1
770824833,0.06
717395733,0.0
713639958,0.05
757761033,0.0
787655058,0.0
714753258,0.11
715130808,0.01
710814633,0.26
714283458,0.01
708620283,0.0
827049558,0.0
710232483,0.0
720029508,0.0
817977933,0.43
712405908,0.1
718192608,0.0
719657583,0.65
712268808,0.09
720147633,0.03
778502958,0.23
708507483,0.0
827051808,0.34
717007458,0.01
715829358,0.01
788552658,0.0
758086458,0.06
718043583,0.0
717202908,0.06
713094483,0.01
717287883,0.25
717578358,0.0
708314808,0.02
710520408,0.0
712649058,0.03
713339283,0.01
721178583,0.81
709961958,0.13
768928833,0.1
779340183,0.0
790096533,0.0
711152658,0.0
712375758,0.0
709749483,0.0
721437333,0.86
736786908,0.06
810347208,0.03
711314058,0.18
815908908,0.74
713920158,0.73
720644883,0.0
719042208,0.03
788658483,0.0
708469533,0.0
710115108,0.01
720027258,0.02
806656083,0.0
714411108,0.06
779725833,0.05
788610258,0.09
721301733,0.03
807137808,0.0
779445108,0.12
789270033,0.62
720016308,0.0
807722658,0.0
711128433,0.02
720201033,0.68
718403358,0.0
778143183,0.25
713893308,0.03
716321583,0.04
721359183,0.0
708693558,0.0
715750758,0.0
795155433,0.01
769183908,0.02
773146383,0.04
717114708,0.0
794682483,0.01
779562633,0.05
778919583,0.0
716156508,0.02
714981483,0.0
721473783,0.03
744231708,0.0
712464933,0.02
710687508,0.05
711064008,0.0
765824058,0.01
779739783,0.0
712029783,0.02
721469433,0.0
709714008,0.89
713532858,0.0
756458508,0.0
819051183,0.06
827341383,0.02
789601308,0.01
779192283,0.02
716644008,0.9
715041333,0.2
779320008,0.8
765055833,0.05
779305008,0.0
718872858,0.0
779749908,0.62
819943458,0.24
720142308,0.66
716698608,0.05
714600258,0.0
711507783,0.93
719860308,0.94
714879483,0.73
827901183,0.0
711245433,0.97
719368533,0.0
709945458,0.0
713722608,0.45
821815458,0.01
712216533,0.01
708971583,0.02
779715108,0.03
711890808,0.0
715338783,0.01
789586833,0.0
717469158,0.08
767333808,0.03
713514633,0.8
714684933,0.92
708223383,0.61
716239383,0.0
801064833,0.0
708897408,0.01
708543258,0.01
771516333,0.0
711108408,0.0
718650258,0.02
719018208,0.49
719222133,0.0
820593033,0.0
804820233,0.02
716071233,0.01
815756058,0.01
718163808,0.08
716390958,0.91
779034708,0.03
713718558,0.04
713299758,0.01
714384783,0.92
716421633,0.86
709173108,0.58
794462133,0.03
712740108,0.94
709269708,0.0
779058108,0.03
709274583,0.0
788327358,0.05
717138558,0.34
807209808,0.0
794965233,0.31
783387783,0.13
713264583,0.01
825838908,0.0
779140533,0.0
715498308,0.0
720158208,0.29
717565233,0.01
712404483,0.03
718025808,0.1
719462433,0.0
788848458,0.01
709121283,0.23
721032633,0.43
710036508,0.32
815838633,0.15
717432933,0.0
773155533,0.01
719377383,0.0
710481333,0.24
718913358,0.72
789515283,0.0
717682233,0.01
789368658,0.03
716382708,0.18
814219008,0.0
717812133,0.01
771872733,0.0
715136583,0.0
709984083,0.01
801977733,0.0
709297608,0.88
789407958,0.0
718654533,0.09
778627983,0.39
720553158,0.0
805485933,0.0
778272408,0.78
717585858,0.05
714213708,0.63
709997958,0.68
711027183,0.0
708874533,0.85
779833908,0.0
794554683,0.98
712107783,0.0
798451908,0.08
716592558,0.0
719874633,0.86
714284358,0.01
719446833,0.0
796083783,0.71
817960533,0.0
716931183,0.01
718103733,0.03
798158808,0.04
809068983,0.03
715365183,0.0
720050208,0.12
711560058,0.0
710445183,0.01
715179933,0.01
711508608,0.0
713634108,0.06
719706483,0.35
827898033,0.53
710002833,0.05
716613933,0.0
789533133,0.0
721525758,0.0
772415808,0.04
826808208,0.0
795573333,0.0
716608608,0.01
718513233,0.01
713188383,0.06
710573808,0.04
717208833,0.57
708877458,0.05
789161358,0.1
715187733,0.46
716961933,0.0
719613783,0.0
819997983,0.01
813755658,0.02
715038033,0.12
714514983,0.0
768390708,0.01
779696883,0.13
779737233,0.01
709199358,0.91
714831033,0.02
819616383,0.0
771040758,0.08
720439533,0.01
716668308,0.85
787937058,0.01
715808808,0.0
779689233,0.03
811721133,0.11
712986483,0.05
712176708,0.01
718038483,0.01
710654808,0.78
713021208,0.78
711688158,0.07
778781508,0.59
714926508,0.62
720620058,0.01
788908308,0.03
813961233,0.0
709606158,0.0
809540733,0.0
718197108,0.7
818770008,0.0
709904508,0.0
709200633,0.25
826477083,0.01
793889508,0.29
771232533,0.0
801516183,0.0
710194683,0.22
788776008,0.0
711219333,0.09
717579258,0.64
713709258,0.0
718464258,0.1
716307558,0.63
721256808,0.0
715120608,0.18
720595083,0.0
711359058,0.0
721475133,0.01
720243933,0.99
721005108,0.0
710138883,0.7
711671058,0.89
714234858,0.0
713279808,0.0
712617408,0.05
709350783,0.01
769330908,0.0
719547033,0.96
772643058,0.0
716479233,0.0
757634583,0.0
751563933,0.06
710888883,0.0
814833408,0.15
789125733,0.38
720616908,0.07
715650783,0.01
710701233,0.01
713578608,0.0
711493158,0.01
721080183,0.07
714916758,0.49
719157933,0.01
717251508,0.11
720660558,0.05
771881283,0.0
790021233,0.0
715921758,0.14
823554783,0.0
713121408,0.01
709918158,0.46
716890533,0.0
715490733,0.02
709914858,0.01
708113208,0.01
710497608,0.02
713730933,0.98
708154833,0.9
720885558,0.0
779683683,0.17
779667408,0.0
765731433,0.0
708404883,0.12
716089983,0.0
816864483,0.0
716918508,0.03
708733983,0.69
822885033,0.01
721502958,0.03
718661958,0.0
713989233,0.01
721092783,0.0
778949133,0.0
718161708,0.0
711990933,0.0
715146558,0.66
770293758,0.0
718476033,0.29
716075208,0.06
721183983,0.16
715298808,0.0
818305008,0.0
814086333,0.04
713013483,0.15
711480108,0.1
719474583,0.42
710971908,0.0
713209308,0.0
711175083,0.01
769577358,0.0
715060158,0.0
712572858,0.32
787536933,0.0
778343958,0.01
712350858,0.04
754851783,0.0
712169883,0.0
717490008,0.04
718767183,0.0
710155158,0.81
773356008,0.02
712767858,0.67
772935108,0.36
811076883,0.26
798783858,0.0
711346383,0.04
719845908,0.02
714506583,0.0
799498158,0.01
708626058,0.0
808281483,0.0
810220833,0.04
720827133,0.77
789939558,0.0
711438033,0.32
719612583,0.76
713688933,0.17
719724933,0.0
715672458,0.0
780276258,0.25
719098308,0.39
712381683,0.12
718457058,0.06
720518283,0.01
798788958,0.0
716853258,0.03
710219658,0.01
767574108,0.0
780747033,0.01
713653983,0.0
807030858,0.06
771599283,0.02
717776808,0.29
710180958,0.4
717567333,0.0
758965158,0.0
790186458,0.02
717072108,1.0
769985883,0.1
712294983,0.0
789175683,0.78
815812683,0.0
712198983,0.04
751076058,0.0
712419708,0.17
709950858,0.0
710754933,0.6
711153783,0.02
715168983,0.64
774760458,0.35
804359133,0.01
713520858,0.0
789853533,0.74
714862083,0.19
714093108,0.08
801709308,0.25
790108908,0.05
715749858,0.04
709752183,0.04
770839608,0.01
716053083,0.75
780462183,0.0
710257683,0.03
772857558,0.01
712257258,0.65
771816408,0.02
778659108,0.0
721382208,0.0
715611933,0.03
780378633,0.0
713647083,0.0
772111083,0.01
787430733,0.1
789791808,0.03
711655683,0.02
719609433,0.0
710456658,0.0
718737708,0.0
827948133,0.02
754872333,0.0
784819758,0.02
772143333,0.01
708860358,0.07
820694133,0.7
716782758,0.84
712690458,0.0
709276908,0.03
713956308,0.01
715644633,0.0
714118383,0.08
712961658,0.01
721020858,0.02
715716333,0.01
710159658,0.02
721488858,0.02
715769958,0.0
709330383,0.0
716858433,0.27
712071708,0.02
718243533,0.0
802464033,0.02
771079833,0.02
719296383,0.05
710431158,0.0
715565058,0.05
806226933,0.06
716673258,0.0
788900883,0.03
720903258,0.9
779218233,0.05
715383108,0.16
783020958,0.13
719699208,0.0
713271708,0.0
804424383,0.01
718146258,0.0
718023708,0.02
713227233,0.02
711305208,0.07
720431433,0.0
807986133,0.0
715719033,0.0
787605558,0.01
715303608,0.0
720887058,0.01
710528583,0.15
711147483,0.22
711772008,0.55
716963283,0.65
787507833,0.0
720992883,0.0
717961458,0.0
719926683,0.01
708207783,0.02
711824358,0.0
714575208,0.0
709373883,0.11
716452908,0.06
716593533,0.01
756736008,0.0
716345283,0.0
720043533,0.0
718088133,0.0
769576608,0.0
780040758,0.03
719245983,0.0
712831908,0.04
712545183,0.0
798110358,0.13
712307283,0.43
713315433,0.03
712691883,0.88
721093608,0.01
807587433,0.83
711256908,0.0
719535558,0.0
720682308,0.0
715570533,0.83
717098208,0.1
716570958,0.93
770769483,0.05
709343433,0.0
720338658,0.04
779435883,0.28
771559158,0.0
714041283,0.0
822084333,0.37
714975633,0.02
803957508,0.08
713032233,0.0
721397808,0.0
793608258,0.94
720480183,0.0
717840108,0.82
827643858,0.15
811140933,0.0
714037308,0.0
780657708,0.0
795052083,0.02
751143858,0.02
711838008,0.78
712181658,0.0
709035708,0.13
712110333,0.73
711788583,0.02
821163408,0.01
714924483,0.0
711242058,0.83
714204108,0.22
719527833,0.01
815845758,0.37
717711108,0.0
719990358,0.0
718803333,0.23
712014708,0.0
715573758,0.03
711389358,0.09
779804208,0.06
711456108,0.57
712374708,0.12
713977308,0.02
711377808,0.01
821179233,0.73
716532258,0.08
715843533,0.1
708190158,0.72
717392358,0.0
712115958,0.0
716471508,0.01
709671708,0.0
716118633,0.0
712851108,0.21
714146208,0.01
708584208,0.63
721294533,0.02
709042908,0.1
715948833,0.01
708660408,0.77
801728658,0.17
778706508,0.19
713014533,0.01
713866308,0.0
709140858,0.01
710563458,0.02
785311158,0.0
719465733,0.06
712766208,0.26
714424533,0.92
771688983,0.01
798983508,0.0
749067633,0.01
819690933,0.01
708948483,0.62
711199908,0.0
715547058,0.78
821521983,0.0
715891533,0.0
708668283,0.04
779302233,0.96
710794983,0.01
711816108,0.94
816315558,0.0
708086958,0.02
708369633,0.65
794558658,0.0
711100608,0.8
708225483,0.0
718452633,0.97
708178608,0.11
708747708,0.16
789893808,0.59
720210483,0.0
714010383,0.87
712180308,0.0
716443608,0.0
716372358,0.02
789849108,0.07
772339383,0.01
712503408,0.08
718792758,0.05
752766783,0.0
787747308,0.9
779404383,0.02
767564358,0.0
721461258,0.0
711588708,0.9
716462658,0.34
810974958,0.9
779658408,0.0
717831783,0.27
779980758,0.0
715367058,0.22
812449758,0.98
789627258,0.06
772264383,0.27
771566208,0.0
716181858,0.03
822948708,0.07
712971708,0.04
779701983,0.0
714308283,0.0
717830583,0.0
771354633,0.0
717212958,0.24
714931458,0.01
716355783,0.63
720046458,0.0
795795408,0.06
715928808,0.0
716159958,0.0
713830233,0.03
714576183,0.08
711534183,0.03
712513458,0.06
720458883,0.06
719554758,0.08
713894358,0.06
711416958,0.08
714245358,0.0
789599283,0.01
734924658,0.0
744764433,0.26
715109508,0.0
718939083,0.78
711232608,0.95
713115483,0.97
793456983,0.0
808292958,0.43
711226758,0.1
808279158,0.02
713914683,0.0
710088483,0.01
719981508,0.98
709224033,0.86
787509408,0.26
720605808,0.97
755420433,0.35
802031583,0.02
715396983,0.0
719495958,0.98
807149058,0.01
818987958,0.06
709739283,0.08
718164858,0.0
719999508,0.11
717371583,0.97
801036033,0.01
711948333,0.07
710869008,0.05
789859833,0.0
820925433,0.01
792345258,0.0
709662708,0.03
709327383,0.0
712838358,0.0
708816408,0.04
713796033,0.86
772313358,0.08
709467183,0.13
757266933,0.47
717571683,0.36
717405408,0.01
808045833,0.01
709560258,1.0
718645308,0.0
778915233,0.97
709389558,0.0
770743983,0.01
710466633,0.01
710947683,0.01
713253858,0.96
713461533,0.02
712373208,0.87
712196508,0.27
713696808,0.87
755305683,0.07
772712658,0.04
714454758,0.01
714024858,0.12
788870283,0.0
753118533,0.01
779523258,0.0
787231233,0.02
720714933,0.04
714992733,0.0
719154483,0.04
778939683,0.05
717123858,0.01
824172258,0.0
712644483,0.0
712299858,0.02
714835833,0.01
714022833,0.85
719049033,0.16
711529383,0.0
794510358,0.01
771460158,0.0
708516558,0.0
711717258,0.0
813261408,0.04
811907583,0.06
712064358,0.01
711569433,0.01
716575758,0.9
716322783,0.0
713785608,0.32
708947208,0.02
716063583,0.12
787999533,0.04
713318733,0.87
788977833,0.17
713000058,0.0
780199233,0.0
826061508,0.01
719674533,0.0
717015333,0.0
819647358,0.82
779770683,0.02
807915408,0.0
789347133,0.0
771217758,0.0
720555483,0.02
713330133,0.0
710533233,0.91
710942358,0.01
789945933,0.02
721505358,0.0
711459483,0.0
708911508,0.0
719279208,0.0
717013383,0.1
711627558,0.0
779293308,0.01
718465458,0.02
717403158,0.01
787454133,0.0
713372583,0.01
721399833,0.0
809846283,0.0
710061783,0.29
713314533,0.82
711876333,0.0
720831783,0.01
749211483,0.03
708902883,0.01
712571883,0.33
710809083,0.18
713953383,0.98
711856683,0.0
785237958,0.97
713701533,0.0
713644758,0.0
713814408,0.0
708657033,0.0
714259533,0.01
790174608,0.01
789382758,0.61
798558783,0.0
713285058,0.0
714100008,0.88
772695033,0.53
766322883,0.0
713111883,0.01
819363708,0.0
772382283,0.66
772514808,0.03
789613083,0.03
711583458,0.0
716995083,0.0
716991933,0.68
811974483,0.01
708319908,0.45
720068808,0.0
715815783,0.01
714296358,0.01
713620308,0.03
786557358,0.41
708720558,0.08
796236258,0.01
715195383,0.0
797410983,0.0
719195733,0.04
719449533,0.9
717862308,0.0
779187783,0.13
806908608,0.01
791730183,0.73
714789033,0.55
715960308,0.38
718436133,0.0
717090183,0.09
789193383,0.02
815539233,0.81
710043408,0.02
709548783,0.7
809127858,0.0
716797758,0.43
711852783,0.02
719539458,0.0
721451208,0.71
715517733,0.66
770647233,0.07
718775808,0.0
773332908,0.01
771952683,0.03
720357483,0.0
710555433,0.95
780025908,0.01
715033533,0.0
768720708,0.0
719568333,0.01
709215708,0.1
770662383,0.03
720385608,0.03
812493033,0.02
816533733,0.42
787596558,0.0
720942333,0.47
768457008,0.03
719662458,0.08
798280683,0.0
710443833,0.0
712714008,0.0
718838808,0.05
798988983,0.0
818311533,0.0
719801508,0.0
779625858,0.01
710267583,0.0
812671758,0.88
709225758,0.02
708710283,0.01
794545983,0.01
712877733,0.01
713452533,0.04
719677758,0.03
718394658,0.08
721410858,0.0
828281733,0.03
714121083,0.28
720998358,0.12
709632483,0.0
711780108,0.01
785529708,0.09
720071583,0.61
714035283,0.71
772725408,0.07
715674483,0.09
819752133,0.0
711993258,0.01
708242283,0.11
821356083,0.0
718071933,0.0
758348808,0.02
714217908,0.02
712559058,0.03
711448983,0.88
714964758,0.01
816843933,0.0
772360683,0.08
771246708,0.0
718291233,0.01
721412208,0.0
717182883,0.0
715250583,0.01
720406233,0.0
711799458,0.0
713462508,0.0
716708583,0.76
771497283,0.0
709376508,0.04
821241708,0.84
716147658,0.0
720188508,0.01
780349833,0.1
720163458,0.02
715623483,0.01
713710383,0.14
708112008,0.16
721211433,0.04
720317658,0.0
715701033,0.37
719656533,0.01
717340608,0.0
716170308,0.06
720527058,0.0
710402508,0.02
718304583,0.58
717624708,0.83
714073983,0.4
718100808,0.0
710698233,0.0
710013258,0.0
717721458,0.04
820271208,0.0
789890958,0.11
751974258,0.12
721448283,0.67
823948308,0.01
719338383,0.11
738195708,0.05
710727333,0.98
709971708,0.89
817422408,0.0
779284833,0.0
714893733,0.05
710056758,0.04
708095133,0.12
820633833,0.03
716346183,0.0
720336708,0.03
714496083,0.07
781675983,0.05
715491483,0.01
710295858,0.01
716136333,0.72
788890533,0.01
711296508,0.0
718824783,0.17
717865008,0.0
711205758,0.72
713037333,0.09
802673508,0.89
720562008,0.0
770766633,0.07
709265208,0.03
721062408,0.03
720707283,0.04
718970058,0.04
718819158,0.0
715798608,0.0
778849908,0.0
716108283,0.0
717047583,0.78
771903033,0.01
712256358,0.03
715987758,0.56
721171008,0.0
818906208,0.19
719604858,0.98
768490458,0.74
720655833,0.54
711112683,0.0
779542608,0.17
711289533,0.0
713516433,0.0
779041983,0.01
787339158,0.93
709212183,0.15
803339583,0.01
711325308,0.29
814364808,0.05
711311883,0.0
719672283,0.01
780064983,0.0
712515558,0.01
718397658,0.04
794632308,0.24
717429258,0.99
823629333,0.51
715102308,0.36
759584958,0.72
711954558,0.17
765755283,0.0
821339433,0.02
716212383,0.32
718876683,0.01
711697158,0.06
711977508,0.85
757481283,0.04
820085808,0.0
712319958,0.02
721238508,0.0
795343683,0.0
768420558,0.01
710319108,0.0
714902283,0.39
716631708,0.0
815504583,0.99
809320908,0.01
715851333,0.0
806641683,0.0
720180633,0.02
719074308,0.0
789187908,0.0
708496833,0.81
713943783,0.06
771490833,0.01
710540883,0.03
714798783,0.01
715596783,0.0
713809833,0.0
710664558,0.0
812406183,0.88
789196158,0.0
715581633,0.0
713563383,0.0
713535033,0.0
713974533,0.07
717978033,0.0
714252933,0.0
720009558,0.01
715124958,0.03
744483633,0.21
709408983,0.0
718299933,0.0
719118708,0.74
799720158,0.0
716131083,0.02
715600533,0.02
711613308,0.74
720568083,0.52
771963708,0.71
718037433,0.14
720995583,0.0
713302758,0.02
720771933,0.01
718187508,0.0
709883883,0.0
779353083,0.03
711721458,0.93
713084208,0.93
716564433,0.94
708224133,0.01
803952408,0.0
821336133,0.01
768212583,0.03
719848008,0.01
714081558,0.0
784827108,0.0
787617483,0.01
714034158,0.0
720696558,0.0
712315683,0.37
716229108,0.0
711338058,0.0
772346358,0.0
789370383,0.0
712311258,0.18
823557333,0.02
718963158,0.07
799253808,0.0
787514433,0.0
714878508,0.77
716271183,0.8
715941633,0.02
713906508,0.03
713355708,0.0
711886383,0.83
721039308,0.02
710288883,0.02
713935533,0.01
718875483,0.0
717128283,0.24
794649858,0.08
720474408,0.03
713251008,0.0
790128033,0.02
711453783,0.0
716896833,0.01
718757808,0.01
713984208,0.0
713996283,0.01
811111083,0.13
810493458,0.0
716043258,0.13
789466008,0.08
711047658,0.0
709536483,0.72
789296133,0.01
708621408,0.01
804462633,0.97
812408058,0.0
721468533,0.03
778563858,0.0
710989008,0.0
720964683,0.02
711003483,0.0
718788258,0.03
712867983,0.01
771749733,0.0
719963433,0.01
717028158,0.01
719904333,0.19
785119833,0.06
711683358,0.98
754654383,0.01
711334983,0.96
708222558,0.0
709627983,0.0
811005858,0.2
717443658,0.0
799723908,0.0
718805733,0.01
713259858,0.52
709564683,0.95
714385983,0.0
712011633,0.03
720467583,0.16
712778658,0.01
714766383,0.0
788989083,0.0
719580033,0.06
716751858,0.91
789820308,0.09
716032233,0.0
718808883,0.02
717131283,0.0
779090883,0.0
710542983,0.0
813952233,0.05
712661433,0.17
789298833,0.13
714786483,0.03
710853033,0.02
716194683,0.27
715019883,0.0
789047208,0.02
711099408,0.0
711646908,0.92
717742908,0.07
778207083,0.5
713128833,0.23
788820933,0.0
708997833,0.01
718920708,0.05
712399308,0.2
789923058,0.94
714148758,0.05
711515433,0.0
794530608,0.06
715279683,0.45
772334133,0.05
708866133,0.01
780710433,0.0
716663808,0.01
714351558,0.02
780383358,0.02
779885358,0.02
792565908,0.01
714777858,0.0
794253108,0.0
713063958,0.0
718848183,0.0
713574708,0.03
811697958,0.0
720164358,0.65
719781183,0.01
717568308,0.0
715017858,0.0
720333783,0.05
709219533,0.02
789594108,0.0
771653583,0.01
716028108,0.01
712434708,0.85
711791583,0.87
716219808,0.67
708828258,0.08
708568983,0.02
714702033,0.13
711922158,0.12
768243858,0.88
717592758,0.86
708403308,0.0
716545383,0.0
718641483,0.01
789244308,0.02
801726933,0.0
717511533,0.02
711357858,0.84
713378133,0.02
716466483,0.0
715964058,0.0
712948383,0.09
780942633,0.0
710958033,0.0
718011783,0.01
720152058,0.03
712178883,0.0
719513733,0.0
709993158,0.0
771075258,0.53
771196083,0.26
779307558,0.02
709608708,0.4
714717483,0.08
709603608,0.02
713804058,0.01
717239133,0.0
708549033,0.0
713741358,0.6
713583408,0.52
708514383,0.01
718078008,0.19
721523658,0.01
813427833,0.02
719359458,0.01
710930508,0.02
815598858,0.0
714933783,0.0
780689733,0.05
715447008,0.0
716023533,0.0
711578658,0.16
794172033,0.71
814989933,0.0
708216108,0.03
710166783,0.03
713934633,0.12
710541858,0.0
787573683,0.0
718090233,0.46
715528983,0.03
715217733,0.03
756371058,0.02
770901258,0.34
771222558,0.0
812443458,0.15
718890933,0.94
717291333,0.01
718491708,0.02
795266208,0.0
816890883,0.04
771626283,0.01
711635358,0.15
778865583,0.0
712624383,0.02
720693033,0.89
719502183,0.0
769662033,0.0
720241758,0.14
709434408,0.0
816761433,0.01
820276908,0.99
771190083,0.01
768412608,0.0
804413508,0.01
812247033,0.82
787665258,0.96
716177583,0.0
714076683,0.42
779324358,0.0
717409533,0.76
811081083,0.0
717684858,0.03
716793108,0.15
789780033,0.07
720633558,0.0
718230933,0.62
711957708,0.02
715664808,0.69
789467508,0.02
708387933,0.01
716702358,0.0
789241308,0.87
715194183,0.96
771433608,0.01
709410033,0.03
712566258,0.01
719243808,0.04
712453308,0.0
709315383,0.02
797668983,0.01
785351133,0.0
716077458,0.0
780497958,0.0
711716133,0.78
803231058,0.04
720307683,0.0
721143258,0.0
712025958,0.01
714754533,0.01
758408883,0.0
716128083,0.01
719335233,0.05
793952133,0.06
714940608,0.04
709418508,0.0
771776808,0.86
716162583,0.32
735417408,0.01
792098883,0.0
709837308,0.06
720626058,0.18
715253433,0.01
715232058,0.02
709127808,0.0
771886233,0.05
721428333,0.08
708360108,0.0
710406633,0.49
715474833,0.01
718368333,0.01
718785483,0.01
712943508,0.0
802856508,0.06
711048783,0.42
778722033,0.05
790048158,0.11
717570258,0.0
717489033,0.53
719249733,0.01
712484733,0.06
708386958,0.75
789415983,0.2
713600958,0.01
814611633,0.0
711814608,0.0
708637758,0.1
717987258,0.0
814092858,0.02
711736083,0.73
708805908,0.55
788946783,0.11
756624183,0.0
779032308,0.02
709523508,0.04
780653208,0.09
710841183,0.0
718186233,0.0
718292283,0.08
717895833,0.0
713371233,0.0
708382083,0.35
715915458,0.01
720449208,0.0
771500358,0.0
713343333,0.0
757753083,0.01
790134408,0.01
710733183,0.0
772236108,0.01
767488908,0.0
713163258,0.59
788941983,0.76
779686683,0.09
720457608,0.0
716249508,0.04
798120858,0.04
818280108,0.0
718000383,0.01
715399908,0.0
708707808,0.0
771455508,0.0
713580633,0.15
789520533,0.01
716273133,0.01
712294083,0.99
712815858,0.02
718735908,0.67
714511758,0.03
806649333,0.0
778867533,0.88
714147858,0.0
817293258,0.07
715832058,0.0
713697933,0.09
716364408,0.0
790112133,0.0
717252483,0.82
714192933,0.95
710099358,0.03
712560558,0.0
779499933,0.0
710761533,0.0
720031908,0.0
712425258,0.01
772813458,0.0
710017758,0.02
714972558,0.86
714412308,0.87
716296833,0.02
712938258,0.0
772000533,0.33
719704308,0.03
789282333,0.02
718281408,0.0
709316433,0.0
719775408,0.0
711397533,0.05
715234008,0.0
780143283,0.71
826709658,1.0
708867408,0.16
715199808,0.04
708798483,0.95
787523283,0.0
716328558,0.04
709079883,0.68
778155558,0.03
710605458,0.0
710299608,0.66
716851908,0.0
711436083,0.18
710045058,0.1
720742083,0.95
813230208,0.06
788687133,0.01
712813458,0.12
714396558,0.0
718504233,0.3
711964533,0.02
827100333,0.01
719229708,0.03
709813008,0.01
772468983,0.02
715725858,0.0
716975583,0.0
758186433,0.01
787581858,0.01
803652633,0.0
771224358,0.0
713526258,0.74
778228458,0.15
779662308,0.0
778871508,0.02
806652483,0.0
712347258,0.0
714392808,0.02
736145283,0.06
717806133,0.04
712839633,0.05
720961383,0.51
771400608,0.02
780206958,0.0
817332483,0.77
710213508,0.1
712855683,0.0
771928608,0.02
719514783,0.07
711942783,0.01
772198983,0.0
718054833,0.04
720688158,0.3
710803008,0.0
778420383,0.03
708672708,0.3
745124658,0.0
714738033,0.01
771349458,0.02
717670758,0.01
807977808,0.01
709660233,0.37
716568708,0.31
708745983,0.0
813213558,0.01
788038383,0.04
772698783,0.0
712980333,0.0
710098233,0.03
710401458,0.08
708100533,0.0
772139433,0.01
721104708,0.58
793395933,0.0
718489608,0.01
814181433,0.03
772879158,0.0
803214108,0.0
820036533,0.0
709206333,0.81
716512383,0.01
712332183,0.0
738627708,0.78
712753758,0.0
824812983,0.01
772286658,0.22
713413758,0.1
789059958,0.01
826245858,0.88
720590058,0.15
717211608,0.0
709064208,0.97
716288958,0.0
813453408,0.01
712637283,0.0
721279083,0.04
797495958,0.01
716641983,0.02
818687958,0.0
787723758,0.02
807964908,0.03
717203958,0.02
719838558,0.0
708754833,0.0
803805483,0.01
720949083,0.36
719410083,0.15
709005633,0.67
710637183,0.0
710297133,0.01
715612983,0.09
789666333,0.0
713487633,0.01
716297658,0.19
719437908,0.0
720509433,0.0
773297508,0.01
747107508,0.0
713418558,0.0
709942383,0.02
767023308,0.03
822056583,0.0
795844983,0.06
720085233,0.74
711420258,0.01
712389108,0.0
710801133,0.03
793461933,0.02
715406658,0.83
712004208,0.24
709222008,0.92
771531708,0.0
712378983,0.06
818926833,0.15
780613758,0.2
717516333,0.0
714190983,0.75
787361583,0.06
713474733,0.82
708486033,0.15
717683583,0.0
712887633,0.03
